CustomerID,CustomerName,Region
101,Meena Malhotra,West
102,Ananya Sheikh,South
103,Simran Rao,South
104,Manoj Rao,South
105,Aarav Sharma,East
106,Rahul Malhotra,North
107,Imran Kapoor,South
108,Priya Malhotra,West
109,Kavya Sheikh,North
110,Sanjay Rao,West
111,Sneha Iyer,North
112,Imran Verma,North
113,Aarav Sheikh,South
114,Deepika Iyer,West
115,Simran Nair,South
116,Priya Sheikh,South
117,Rohit Kapoor,South
118,Rahul Verma,North
119,Deepika Sheikh,West
120,Karan Iyer,South
