ProductID,ProductName,Category,UnitPrice
201,Wireless Mouse Pro,Electronics,1200
202,Bluetooth Headphones,Electronics,899
203,Portable Speaker,Electronics,1599
204,Cotton T-Shirt,Apparel,450
205,Running Shoes,Apparel,620
206,Denim Jacket,Apparel,1899
207,Ceramic Mug Set,Home & Kitchen,350
208,Non-Stick Pan,Home & Kitchen,899
209,Air Fryer XL,Home & Kitchen,3200
210,Office Chair,Furniture,2500
211,Study Table Lamp,Furniture,1800
212,Bookshelf,Furniture,3400
213,Notebook Set,Stationery,150
214,Gel Pen Pack,Stationery,90
215,Desk Organizer,Stationery,320
