OrderID,OrderDate,CustomerID,ProductID,Quantity,Amount
7024,13-Aug-2026,113,206,8,15192
7016,22-Aug-2026,114,202,2,1798
7008,05-Aug-2026,110,212,5,17000
7019,16-Aug-2026,117,209,7,22400
7009,27-Aug-2026,117,213,8,1200
7001,20-Aug-2026,106,203,3,4797
7014,03-Aug-2026,120,214,6,540
7029,13-Aug-2026,999,205,5,3100
7022,02-Aug-2026,108,205,7,4340
7021,01-Aug-2026,102,211,7,12600
7004,26-Aug-2026,101,207,8,2800
7028,08-Aug-2026,116,215,8,2560
7012,31-Aug-2026,117,205,5,3100
7020,29-Aug-2026,113,202,4,3596
7002,28-Aug-2026,113,204,1,450
7015,07-Aug-2026,112,202,6,5394
7026,06-Aug-2026,116,206,4,7596
7027,25-Aug-2026,115,211,5,9000
7017,21-Aug-2026,103,211,8,14400
7025,08-Aug-2026,103,201,8,9600
7030,13-Aug-2026,117,299,1,999
7018,17-Aug-2026,120,201,8,9600
7003,20-Aug-2026,117,214,1,90
7005,28-Aug-2026,103,207,3,1050
7023,24-Aug-2026,114,208,4,3596
7013,23-Aug-2026,120,209,4,12800
7010,31-Aug-2026,119,202,1,899
7007,24-Aug-2026,102,204,7,3150
7011,17-Aug-2026,120,212,6,20400
7006,28-Aug-2026,108,205,6,3720
